GFP (nM)	mCherry (nM)	0	2	4	6	8	10	12	14	16	18	20	22	24	26	28	30	32	34	36	38	40	42	44	46	48	50	52	54	56	58	60	62	64	66	68	70	72	74	76	78	80	82	84	86	88	90	92	94	96	98	100	102	104	106	108	110	112	114	116	118	120	122	124	126	128	130	132	134	136	138	140	142	144	146	148	150	152	154	156	158	160	162	164	166	168	170	172	174	176	178	180	182	184	186	188	190	192	194	196	198	200	202	204	206	208	210	212	214	216	218	220	222	224	226	228	230	232	234	236	238	240	242	244	246	248	250	252	254	256	258	260	262	264	266	268	270	272	274	276	278	280	282	284	286	288	290	292	294	296	298	300	302	304	306	308	310	312	314	316	318	320	322	324	326	328	330	332	334	336	338	340	342	344	346	348	350	352	354	356	358	360
0	1	-0.0001278772	0.0003623188	2.13128729752768E-05	0.0003196931	0.0005967604	-0.0001491901	0.0004901961	0.000341006	0	0.0004049446	0.0008951407	0.0001918159	0.000170503	0.0002344416	-0.0001918159	-0.0006606991	-0.0010656436	0.0001278772	-0.0006393862	0	-0.0001065644	-0.0002770673	-0.0009377664	0.0001918159	0.0002557545	0.0002557545	-2.13128729752768E-05	-0.0002131287	4.26257459505544E-05	0.0003623188	-0.0001918159	0.0002557545	0.000341006	0.0004901961	0.0006820119	0.0001918159	6.39386189258312E-05	0.0008098892	0.0011935209	0.0005541347	0.0014492754	0.0014919011	0.001513214	0.0022804774	0.0023657289	0.0023657289	0.0038150043	0.0034526854	0.0050085251	0.0048380222	0.0047314578	0.0054560955	0.006713555	0.0080136402	0.0080775789	0.0087382779	0.0098252344	0.0111253197	0.012745098	0.0129369139	0.0127024723	0.0143648764	0.0159207161	0.017625746	0.0180306905	0.0195225916	0.0195439045	0.0215899403	0.0231244672	0.025170503	0.0267263427	0.0271312873	0.0293052003	0.0310315431	0.0308184143	0.0323316283	0.0333333333	0.0352941176	0.0379795396	0.0380647911	0.0388959932	0.0417945439	0.0407502131	0.0433077579	0.0430520034	0.0457161125	0.0452046036	0.0483375959	0.0498721228	0.0493819267	0.0504475703	0.0527919864	0.0534526854	0.0549019608	0.05571185	0.0576086957	0.0567774936	0.0581628303	0.0621057118	0.057885763	0.0599104859	0.0611466326	0.0602088662	0.0640664962	0.0663895993	0.0666666667	0.0651747656	0.0651321398	0.0644075021	0.0677749361	0.0679028133	0.0689258312	0.0703111679	0.068797954	0.0690537084	0.0711636829	0.0697783461	0.0724211424	0.0713768116	0.0729752771	0.0731670929	0.0725063939	0.0730605286	0.0735933504	0.0738491049	0.0757459506	0.0764919011	0.0730605286	0.0737638534	0.0740196078	0.0743179881	0.0740409207	0.0765558397	0.0757672634	0.0751918159	0.0749360614	0.0769394714	0.0743179881	0.074658994	0.0761295823	0.0781116795	0.0748934356	0.0750426257	0.0748081841	0.0765558397	0.0765984655	0.0771099744	0.0764066496	0.0759164535	0.0747442455	0.078026428	0.0772804774	0.0759164535	0.0774509804	0.0760869565	0.0748721228	0.0752344416	0.0727408355	0.0730605286	0.075170503	0.0742114237	0.0769181586	0.0766624041	0.0720375107	0.077514919	0.0746376812	0.0746376812	0.0732949702	0.0757033248	0.0742114237	0.0748081841	0.0749573743	0.0719948849	0.0763000853	0.074168798	0.0707800512	0.076172208	0.0740622336	0.0723998295	0.0723358909	0.0726129582
0	1	-0.0001278772	0.0008738278	0.0010443308	6.39386189258312E-05	0.000341006	0.0009377664	0.0007459506	-0.0002344416	0.0001278772	2.13128729752768E-05	-0.0004475703	-6.39386189258312E-05	-0.000341006	4.26257459505544E-05	0.0004475703	4.26257459505544E-05	0.0002770673	6.39386189258312E-05	0.0001278772	0.0003196931	0.0002770673	-2.13128729752768E-05	0.0004688832	-0.0004475703	0	0.0001278772	0.0006180733	0.0004262575	0.0006820119	-2.13128729752768E-05	0.0001278772	-6.39386189258312E-05	0.0013000853	0.0002983802	0.0004901961	0.000511509	0.0009590793	0.0005541347	0.001001705	0.0012574595	0.0017050298	0.0017476556	0.0018968457	0.0026001705	0.0025575448	0.0030051151	0.0031756181	0.004028133	0.0044330776	0.0057971014	0.0049872123	0.0067988065	0.0068414322	0.006543052	0.0076300085	0.0095055413	0.0105285592	0.0116368286	0.0126811594	0.0124254049	0.014940324	0.0154518329	0.0163043478	0.0180093777	0.0193094629	0.0213768116	0.0215260017	0.0230605286	0.0252344416	0.025170503	0.0278132992	0.0294970162	0.0311594203	0.0294330776	0.032544757	0.0333546462	0.035059676	0.0377877238	0.0368925831	0.0376172208	0.0391517477	0.0419224211	0.0419011083	0.0421568627	0.0450341006	0.0461636829	0.0477621483	0.0480179028	0.0498081841	0.050341006	0.0527493606	0.0524083546	0.0525575448	0.0570758738	0.0586530264	0.0546035806	0.056713555	0.0579710145	0.0592924126	0.0588448423	0.0611892583	0.0603154305	0.0614236999	0.0648976982	0.0661338448	0.0673060529	0.0667092924	0.0674339301	0.0676044331	0.0675831202	0.0676470588	0.0668797954	0.0712063086	0.0691176471	0.072826087	0.0716112532	0.0702898551	0.0696078431	0.0705456095	0.0725277067	0.0731670929	0.0703964194	0.0756180733	0.0726982097	0.0709079284	0.0736359761	0.0746376812	0.0756180733	0.0745311168	0.0721014493	0.073998295	0.0731457801	0.0732949702	0.0738491049	0.0751918159	0.0734654731	0.076172208	0.0737425405	0.0757459506	0.0742753623	0.0777280477	0.0770673487	0.0762574595	0.0762148338	0.0724637681	0.0757672634	0.0771099744	0.0750639386	0.0771952259	0.0750639386	0.0756606991	0.0749147485	0.0776427962	0.0752770673	0.0746163683	0.0753836317	0.0756180733	0.0747868713	0.0751065644	0.0763213981	0.0748508099	0.0748081841	0.0742966752	0.0747229327	0.0762361466	0.0736146633	0.073998295	0.0729113384	0.0734015345	0.0754262575	0.0769820972	0.0735507246	0.075	0.0746376812	0.0749360614	0.0733375959	0.073486786	0.0727195226	0.0735507246	0.072655584	0.0749147485
0	1	-0.0005754476	-2.13128729752777E-05	-4.26257459505544E-05	0.0001278772	0.0007246377	-0.0002770673	0.0007459506	-0.0005541347	-6.39386189258312E-05	-4.26257459505544E-05	0.0001918159	0	0.0002344416	-0.0002131287	0.0003196931	-0.0004688832	-0.0001065644	-0.0004475703	-6.39386189258312E-05	0.0002557545	-0.0003623188	-0.0002770673	-0.0003623188	-0.000831202	-0.0003196931	0.0003196931	4.26257459505544E-05	-0.0001491901	-8.5251491901108E-05	-0.0005328218	-0.0002557545	0.0003836317	2.13128729752768E-05	0.0001065644	0.0006820119	0.0002557545	0.0008951407	0.001513214	0.0008098892	0.0015771526	0.0016410912	0.0020673487	0.0022804774	0.0030477408	0.0036445013	0.0047953964	0.0051577153	0.0047953964	0.0054560955	0.0075234442	0.0074168798	0.0086530264	0.010230179	0.0120417732	0.0115302643	0.0137254902	0.0139173061	0.015601023	0.016773231	0.0197144075	0.020630861	0.0225490196	0.022826087	0.0239556692	0.0256393862	0.027514919	0.0295183291	0.030541347	0.0338022165	0.0343137255	0.0367007673	0.0387681159	0.0397911338	0.039599318	0.0427109974	0.0446078431	0.046312873	0.047314578	0.0480818414	0.0498934356	0.0535379369	0.0547740835	0.0564151748	0.0564791134	0.0589087809	0.0596547315	0.059398977	0.0627237852	0.0638746803	0.0628090367	0.0659846547	0.0641730605	0.070140665	0.0710784314	0.0697144075	0.071483376	0.0712915601	0.0707587383	0.0742540494	0.0737425405	0.0733375959	0.0737425405	0.0768968457	0.0782608696	0.0772591645	0.0807331628	0.0810315431	0.0816283035	0.0795609548	0.0808823529	0.0804987212	0.0822890026	0.0808610401	0.0836317136	0.0828644501	0.0848465473	0.0816709292	0.0846973572	0.0833333333	0.0853793691	0.0858269395	0.0845268542	0.0841858483	0.0856138107	0.085741688	0.0864236999	0.0871696505	0.0863597613	0.0884697357	0.0839940324	0.0865302643	0.0874680307	0.0859548167	0.0858695652	0.0860613811	0.089258312	0.0865302643	0.0872335891	0.0852728048	0.0898124467	0.0882139812	0.0874254049	0.0850809889	0.0872122762	0.0835251492	0.0864450128	0.087084399	0.0836956522	0.0835890878	0.0844629156	0.085059676	0.0861679454	0.0836530264	0.0862745098	0.0856138107	0.0836317136	0.0825234442	0.0837382779	0.0828431373	0.0846334186	0.0828431373	0.0840792839	0.0818414322	0.0818201194	0.0823103154	0.0826300085	0.0812233589	0.0778346121	0.0833120205	0.0826513214	0.0808823529	0.0809676044	0.0801150895	0.0817348679	0.0795396419	0.0793478261	0.079369139	0.0798806479	0.0794970162	0.0792412617	0.0793904518
0	2	-0.0006393862	4.26257459505535E-05	2.13128729752768E-05	0.0010869565	8.5251491901108E-05	0.0008098892	0.000170503	-0.0002983802	-0.0001918159	-0.0004901961	-0.0001278772	-0.0007672634	-0.0005967604	-0.0006606991	0.0001918159	-0.0007885763	-0.0011295823	-0.0001918159	0.0003836317	-0.0002557545	-4.26257459505544E-05	-0.0005328218	0.0002770673	-0.0008951407	-0.000511509	-0.0003836317	0.0004901961	-8.5251491901108E-05	-2.13128729752768E-05	0.0003623188	0.0002557545	6.39386189258312E-05	0.0004049446	0.0010656436	0.0016410912	0.0010869565	0.001342711	0.0015771526	0.0031756181	0.002344416	0.0045183291	0.0036018755	0.0048380222	0.0061807332	0.0056905371	0.007544757	0.0088022165	0.0111253197	0.0124254049	0.0134697357	0.0146419437	0.0172208014	0.0199488491	0.0211210571	0.0231670929	0.0249786871	0.0295183291	0.029859335	0.032374254	0.036402387	0.0389812447	0.0422421142	0.045971867	0.0502983802	0.0499360614	0.0544970162	0.0574595055	0.0612318841	0.0651321398	0.0683290708	0.0715473146	0.0732310315	0.0782821824	0.0828218244	0.0845268542	0.0876385337	0.0916453538	0.0949488491	0.0984654731	0.1011082694	0.101683717	0.1077791986	0.1091005968	0.1091005968	0.1124893436	0.1159846547	0.1228900256	0.1199488491	0.1238491049	0.1282821824	0.1284526854	0.1315004263	0.1341432225	0.139940324	0.1408780904	0.1363171355	0.1418797954	0.139940324	0.1491901108	0.1465686275	0.1487212276	0.1479113384	0.1514492754	0.1539641944	0.1555200341	0.1569479966	0.158716965	0.1573316283	0.1578218244	0.1584398977	0.1615089514	0.1636828645	0.1612958227	0.1658567775	0.1617007673	0.1617007673	0.1635123615	0.1666666667	0.1615302643	0.165942029	0.1667092924	0.1676470588	0.1673699915	0.1671994885	0.1682225064	0.1685848252	0.1698422847	0.1706947997	0.1701832907	0.1677536232	0.1653665814	0.1695012788	0.1714407502	0.169629156	0.1705882353	0.1699488491	0.1671568627	0.1665174766	0.1660912191	0.1704390452	0.1708226769	0.1711849957	0.1713981245	0.1695012788	0.1661977835	0.166943734	0.1667519182	0.1691815857	0.1719522592	0.1705242967	0.1674126172	0.1683930094	0.1688832055	0.1689471441	0.1699488491	0.1663043478	0.1666666667	0.1662190963	0.1669863598	0.1665387894	0.1634697357	0.1663682864	0.1684782609	0.1651960784	0.1654944587	0.1621057118	0.1609548167	0.1628729753	0.1633631714	0.1631500426	0.16342711	0.1601236147	0.1637468031	0.161402387	0.1611253197	0.1578005115	0.1591005968	0.1579497016	0.1548167093	0.1576300085	0.1580349531
0	2	0.0007672634	0.0015771526	0.0007246377	0.0007672634	0.0001491901	-0.0002131287	0.0006820119	-0.0002983802	0.0002557545	-0.0008738278	0	0.000831202	-0.0004688832	4.26257459505544E-05	0.0007033248	-2.13128729752768E-05	-0.0014492754	-0.0006393862	-0.0002557545	0.0001278772	-0.0003623188	-0.000341006	0.0005328218	-0.0004475703	0.0001278772	0.000511509	0.0001065644	0.0006180733	0.0003623188	0.0006180733	0.0003836317	0.0007033248	0.0005328218	0.0015771526	0.001513214	0.0010869565	0.002173913	0.001513214	0.002855925	0.0029838022	0.0038789429	0.0044970162	0.0043904518	0.0066922421	0.0063938619	0.0086956522	0.0086104007	0.0101662404	0.0124893436	0.013086104	0.0126598465	0.0178601876	0.0193734015	0.0202898551	0.0236786019	0.0231884058	0.0286231884	0.0316496164	0.0331415175	0.0360826939	0.039428815	0.0428175618	0.0469309463	0.0481884058	0.0514705882	0.0556479113	0.05771526	0.0592497869	0.0664748508	0.0694160273	0.0735933504	0.0766197783	0.0774509804	0.0824381927	0.0859335038	0.0878942882	0.0959292413	0.0968030691	0.0999360614	0.1028985507	0.1064151748	0.1086743393	0.1144075021	0.1142796249	0.1177962489	0.1225703325	0.1262148338	0.1270460358	0.1301790281	0.1351875533	0.1353580563	0.1419863598	0.1413043478	0.1442242114	0.1445865303	0.1484015345	0.149488491	0.1490835465	0.1560954817	0.1575660699	0.155370844	0.157054561	0.1593776641	0.1631713555	0.16543052	0.1657075874	0.1646632566	0.1643648764	0.1675404945	0.1725063939	0.1687340153	0.1661764706	0.1717178176	0.1731457801	0.1731457801	0.1735933504	0.1741901108	0.1760656436	0.1791773231	0.1798806479	0.1796248934	0.1765345269	0.1792625746	0.183056266	0.1788363171	0.1809889173	0.1785379369	0.1807331628	0.1799019608	0.1802855925	0.1771312873	0.1812659847	0.1809676044	0.1837595908	0.1856777494	0.1837595908	0.1866581415	0.1853154305	0.1794543905	0.1857843137	0.177344416	0.1816709292	0.1788150043	0.1801790281	0.1775788576	0.183056266	0.1801790281	0.1776214834	0.1784100597	0.1809462916	0.17885763	0.1806692242	0.1786658142	0.1778985507	0.1786445013	0.1779411765	0.1750426257	0.1769607843	0.1738917306	0.180029838	0.1784313725	0.176342711	0.1757672634	0.1759377664	0.1768115942	0.1745737425	0.1736786019	0.171312873	0.1784526854	0.1747868713	0.172826087	0.1734228474	0.1740409207	0.1720161978	0.1725703325	0.1712276215	0.1713768116	0.1690750213	0.1735507246	0.1741901108	0.1714620631
0	2	-0.0007672634	0.0002344416	-4.26257459505544E-05	0.0001278772	0.0004049446	-2.13128729752768E-05	-0.0002131287	-0.0006180733	0.0001278772	-0.0006180733	-0.0003196931	-0.000511509	-0.0007246377	-0.0009164535	-0.0002557545	-0.0004688832	-0.0006180733	-0.000511509	-0.0010230179	-0.0001278772	-0.0003623188	-0.0007246377	2.13128729752768E-05	0	-0.000511509	-0.0003196931	-0.0002770673	0.0001065644	-0.0002131287	0.0002344416	0.0007033248	0.0003196931	0.0005328218	0.0013853367	0.0020886616	0.0024936061	0.0024936061	0.0024722933	0.0047740835	0.0043904518	0.0054134697	0.0060954817	0.0069479966	0.0084825234	0.0092710997	0.0127237852	0.0136615516	0.0159207161	0.0175404945	0.0201193521	0.0230818414	0.0247655584	0.0294117647	0.0309676044	0.0337809037	0.0375745951	0.039428815	0.0435421995	0.0502131287	0.051172208	0.0576513214	0.0616794544	0.0632992327	0.0687766411	0.072314578	0.0758525149	0.0824595055	0.0866794544	0.0906436488	0.0939045183	0.0973785166	0.1018115942	0.1074381927	0.1112745098	0.1159207161	0.1198635976	0.1236146633	0.127685422	0.1304347826	0.1337809037	0.1380008525	0.1433290708	0.145801364	0.1468883205	0.1504049446	0.1542838875	0.159398977	0.1577365729	0.1648976982	0.1677962489	0.1712276215	0.1736359761	0.175511509	0.1806052856	0.1795609548	0.179859335	0.1835038363	0.1852728048	0.1945225916	0.1902387042	0.1875959079	0.1943307758	0.1976768968	0.1977621483	0.1983589088	0.1989556692	0.2013640239	0.2031116795	0.2066069906	0.2047314578	0.2055626598	0.200831202	0.2050937766	0.2065217391	0.2108056266	0.2074168798	0.2047527707	0.2132139812	0.2069266837	0.2096760443	0.2149190111	0.2136828645	0.2116155158	0.2101662404	0.2112531969	0.2134697357	0.2096760443	0.2119991475	0.2142369991	0.2110400682	0.2138959932	0.2125319693	0.2098678602	0.2124680307	0.2150895141	0.2120204604	0.2151108269	0.211913896	0.2088661552	0.2128942882	0.2112318841	0.2088448423	0.2111040068	0.209398977	0.2041133845	0.2132992327	0.2094629156	0.2072890026	0.208397272	0.206202046	0.2047527707	0.2066922421	0.2122975277	0.207885763	0.2059462916	0.2072250639	0.1992753623	0.2034953112	0.2020886616	0.2024083546	0.2017050298	0.2001918159	0.2016624041	0.1965260017	0.203026428	0.1990622336	0.1968243819	0.1937553282	0.2015345269	0.1958226769	0.1959079284	0.1975916454	0.1955882353	0.193627451	0.1971867008	0.1950767263	0.1921568627	0.1913256607	0.190942029	0.1920289855	0.192945439
0	4	-0.0005754476	4.26257459505535E-05	-0.000170503	-0.0003196931	-0.000170503	-0.0001491901	-0.0002131287	-0.0001065644	-0.0005754476	-0.001001705	-0.0001918159	0.0002557545	-0.0005328218	-0.0005328218	0.0004475703	-0.0009803922	-0.0003623188	-0.0003836317	0	-0.0005754476	-0.0002344416	-2.13128729752768E-05	-0.0003623188	0.0003196931	0	0.000831202	0.0006180733	0.0014492754	0.0017689685	0.0014492754	0.0014066496	0.0025575448	0.0043052003	0.0047101449	0.0049658994	0.0052429668	0.0069053708	0.0078431373	0.0102728048	0.010912191	0.0155797101	0.0161977835	0.017945439	0.0209505541	0.023657289	0.0281969309	0.0293904518	0.0339514066	0.0380008525	0.0414109122	0.0459079284	0.0500213129	0.0557544757	0.0599957374	0.0653665814	0.0682011935	0.075170503	0.0801790281	0.0856990622	0.0924126172	0.0981884058	0.1006180733	0.1078644501	0.1133418585	0.1203964194	0.1236786019	0.1319479966	0.1364876385	0.1431372549	0.1453111679	0.1521099744	0.1582693947	0.1628090367	0.1692668372	0.1735294118	0.1738917306	0.1808397272	0.1837595908	0.1942455243	0.1956095482	0.1966965047	0.1993393009	0.2044330776	0.2059036658	0.2103154305	0.2133631714	0.2184782609	0.2213554987	0.2244245524	0.2285379369	0.2336956522	0.2341858483	0.2350383632	0.2398763853	0.241773231	0.2393222506	0.245140665	0.2463341858	0.2504049446	0.2525788576	0.2466112532	0.2492540494	0.2506180733	0.2539641944	0.2555839727	0.2513213981	0.2553282182	0.2584825234	0.2569906223	0.2595907928	0.2582480818	0.2609335038	0.2577791986	0.259398977	0.2616368286	0.26342711	0.261402387	0.2625106564	0.261913896	0.2631287298	0.2647271952	0.2628516624	0.2592497869	0.2632992327	0.2623401535	0.2643648764	0.2625532822	0.2621270247	0.2636615516	0.2612318841	0.2615942029	0.2611892583	0.2598039216	0.2623401535	0.2587595908	0.2612531969	0.2606351236	0.2611466326	0.2564364876	0.2578431373	0.2562446718	0.2591645354	0.2598252344	0.2612531969	0.2531543052	0.2576086957	0.2558184143	0.254028133	0.2534739983	0.2537084399	0.247144075	0.2509377664	0.2488704177	0.2491261722	0.2523017903	0.2533248082	0.2491474851	0.2435848252	0.2467178176	0.2470375107	0.2453751066	0.2436061381	0.2442455243	0.239428815	0.2433716965	0.2428601876	0.2386402387	0.2403026428	0.2377877238	0.2392369991	0.2430306905	0.236402387	0.2351023018	0.2321824382	0.2339514066	0.2345907928	0.2305839727	0.2349957374	0.2344202899	0.2282821824	0.2300937766
0	4	-0.0007672634	0.0003623188	0.0004688832	-0.0005754476	2.13128729752768E-05	0.0002983802	-0.0002131287	0.0005328218	-6.39386189258312E-05	-0.0003623188	0.0002557545	0.0001918159	-0.0002770673	-0.0002131287	-6.39386189258312E-05	-0.0007246377	0.0002770673	-0.0006393862	-0.0002557545	0.0001278772	-0.0001065644	0.0001065644	-0.000170503	0.0007033248	0.0002557545	0.0004475703	0.0002983802	4.26257459505544E-05	0.0002983802	4.26257459505544E-05	0.0002557545	0.0014066496	0.0017476556	0.0027280477	0.0024083546	0.0035805627	0.0037084399	0.0042625746	0.0050937766	0.0066283035	0.0086743393	0.0110187553	0.0112958227	0.0140451833	0.0148337596	0.0176470588	0.0208226769	0.0218030691	0.025341006	0.0290707587	0.0333759591	0.0371696505	0.0411764706	0.0438192668	0.0480392157	0.052855925	0.0577791986	0.0615089514	0.0658141517	0.0749573743	0.0749786871	0.0830349531	0.0886189258	0.0905157715	0.0962915601	0.1050085251	0.1096973572	0.1156436488	0.1214620631	0.1254262575	0.1328005115	0.1378729753	0.1432438193	0.1462489344	0.1517263427	0.1598891731	0.1610826939	0.1683503836	0.1721867008	0.1741901108	0.1771952259	0.1837382779	0.1869778346	0.1900468883	0.1950980392	0.1968030691	0.2047953964	0.2125959079	0.2095268542	0.2169011083	0.2198849105	0.223316283	0.2223785166	0.2308610401	0.2276427962	0.2282608696	0.2367647059	0.2364236999	0.243115942	0.2405583973	0.2382992327	0.2435635124	0.2453111679	0.2439258312	0.2513000853	0.2526641091	0.2535379369	0.2506180733	0.2589087809	0.2554987212	0.2608056266	0.2576726343	0.2605924979	0.2595907928	0.2635549872	0.2627877238	0.2603154305	0.2589300938	0.2629369139	0.2664535379	0.2647911338	0.2648337596	0.2588022165	0.2625959079	0.2653452685	0.2645566922	0.2663256607	0.2659633419	0.2654518329	0.2648124467	0.2666453538	0.2648337596	0.268115942	0.2649616368	0.2651534527	0.2641304348	0.264599318	0.2668371697	0.2629582268	0.2613597613	0.263597613	0.2605072464	0.2648763853	0.2637468031	0.258397272	0.2644501279	0.2622122762	0.2619565217	0.2596121057	0.2591432225	0.257885763	0.261743393	0.2597399829	0.257054561	0.2584398977	0.2555626598	0.2542625746	0.2549658994	0.256372549	0.2541346974	0.2552216539	0.2582480818	0.2576726343	0.2485720375	0.2527067349	0.2527706735	0.2489343564	0.2472080136	0.2490409207	0.2483802217	0.2503836317	0.2489343564	0.2448849105	0.2453537937	0.2438618926	0.245140665	0.2410059676	0.2426044331	0.2426683717	0.2461210571	0.2396206309
0	4	-0.000511509	0.000170503	-0.0002344416	0	-0.0002344416	-0.0001491901	-0.000341006	-0.0006180733	-0.0003196931	-0.0003623188	-0.0002557545	-0.0003836317	-0.0005967604	-0.0005328218	0.0004475703	-0.0006606991	-0.0009377664	-0.0009590793	-0.0005754476	0.0003196931	8.5251491901108E-05	0.0003623188	2.13128729752768E-05	-0.0004475703	-0.0003196931	0.0001278772	0.0004901961	0.0008738278	0.001001705	0.0005541347	0.000831202	0.0019820972	0.0026427962	0.0037510656	0.0041346974	0.0043478261	0.0063938619	0.0076513214	0.0089300938	0.0099531117	0.0118712702	0.0149829497	0.0151321398	0.0178815004	0.0216112532	0.0258951407	0.0284313725	0.0306265985	0.0358908781	0.0411551577	0.0444373402	0.0491261722	0.0541560102	0.0582693947	0.06543052	0.0716538789	0.0763213981	0.0823529412	0.0895353794	0.0939471441	0.1018968457	0.1104646206	0.1158567775	0.1209505541	0.1292838875	0.1330775789	0.14428815	0.1484441603	0.1549019608	0.15956948	0.1671355499	0.1727834612	0.1790494459	0.1856990622	0.193286445	0.2004262575	0.2024509804	0.2051150895	0.2138107417	0.2193947144	0.2233589088	0.2286231884	0.2351875533	0.2344842285	0.2427962489	0.2427749361	0.2524296675	0.254859335	0.2622762148	0.2656223359	0.2710997442	0.2715260017	0.2754475703	0.28456948	0.2748934356	0.2813938619	0.2819053708	0.2881500426	0.2950980392	0.2930520034	0.2921994885	0.2935635124	0.2951193521	0.2990409207	0.301683717	0.3045183291	0.3041133845	0.3053495311	0.3032821824	0.3078644501	0.3109335038	0.3101662404	0.3084185848	0.3157289003	0.3163682864	0.3156649616	0.310059676	0.3158354646	0.3109548167	0.3155583973	0.3179241262	0.3137468031	0.3150042626	0.3204603581	0.3189258312	0.3132139812	0.3135763001	0.3157075874	0.3126385337	0.3151960784	0.3154944587	0.3154092072	0.3119778346	0.3120204604	0.3132352941	0.3167519182	0.3137681159	0.3129369139	0.3088661552	0.3105924979	0.3127664109	0.3081415175	0.3129582268	0.3100383632	0.3088448423	0.3097826087	0.3034526854	0.3086317136	0.3076300085	0.3046035806	0.3053282182	0.3015771526	0.3067988065	0.3054560955	0.3037723785	0.3023017903	0.2967817562	0.2999786871	0.2925618073	0.3019607843	0.2963981245	0.2952046036	0.2984654731	0.2910912191	0.2925404945	0.2919011083	0.2938832055	0.2873614663	0.2936700767	0.2875106564	0.2888107417	0.2873614663	0.2895780051	0.2890238704	0.2872122762	0.283056266	0.2807757886	0.2826300085	0.2810315431	0.282054561	0.2788150043
0	6	-0.0009590793	0.0005541347	-0.000170503	0	0.0001491901	-0.0001491901	-0.0002770673	0.0001491901	-0.0002557545	-0.0003623188	0.0002557545	0	-0.0004049446	-0.0005967604	6.39386189258312E-05	-0.0007246377	0.0001491901	-0.0003836317	-0.0010869565	-0.0002557545	0.0004688832	-0.0004688832	-4.26257459505544E-05	0.0002557545	0.0007033248	0.0007672634	0.0013213981	0.0014492754	0.0015771526	0.0029838022	0.0023017903	0.0033887468	0.0048806479	0.0061807332	0.0070758738	0.0090153453	0.0094629156	0.0119991475	0.0134697357	0.0152600171	0.0195439045	0.0222719523	0.0263213981	0.0276001705	0.0321611253	0.0367647059	0.0404518329	0.0453324808	0.0499573743	0.0545822677	0.0590792839	0.0669011083	0.0737212276	0.077514919	0.0835890878	0.0887894288	0.0959505541	0.1020460358	0.1115942029	0.1172208014	0.1210784314	0.1302216539	0.1353580563	0.1419224211	0.1485294118	0.1584612106	0.1639812447	0.1713341858	0.1772165388	0.1819479966	0.1889386189	0.1942028986	0.2028346121	0.2055839727	0.2130434783	0.2141091219	0.2197144075	0.2254475703	0.2351662404	0.2378090367	0.2391517477	0.2423699915	0.251172208	0.2576939471	0.2560954817	0.2671355499	0.2652173913	0.2676470588	0.2743606138	0.2778346121	0.2783248082	0.2811807332	0.2826726343	0.2932651321	0.2885123615	0.2895780051	0.2910485934	0.2957587383	0.3048167093	0.3004049446	0.2950767263	0.3023870418	0.3073316283	0.3047314578	0.3041773231	0.3084185848	0.3089727195	0.306884058	0.3126811594	0.314769821	0.3117007673	0.3147058824	0.3119352089	0.3108695652	0.3141304348	0.3181585678	0.3133844842	0.3144927536	0.3145353794	0.3125532822	0.3122975277	0.3175831202	0.3180733163	0.3173273657	0.3148337596	0.3188405797	0.3133844842	0.3157075874	0.3133418585	0.3111679454	0.3106351236	0.3153452685	0.3170289855	0.3145140665	0.3144501279	0.3119565217	0.3134484228	0.311402387	0.3079710145	0.3143648764	0.3054134697	0.3091645354	0.30771526	0.3042838875	0.3028985507	0.3083120205	0.2991048593	0.3073529412	0.3023231032	0.300831202	0.3002131287	0.3016410912	0.300341006	0.2961849957	0.2960358056	0.299168798	0.2957587383	0.2971014493	0.2936487639	0.2965899403	0.293456948	0.2893222506	0.2911764706	0.2902600171	0.2910699062	0.2927323103	0.2851875533	0.2865942029	0.2863171355	0.2871909633	0.2862531969	0.2844842285	0.2826726343	0.282374254	0.2790920716	0.2845268542	0.2799445865	0.2770673487	0.2800085251	0.2757246377	0.2769607843
0	6	-0.0007033248	0.0003623188	-0.0006820119	0.0001918159	0.0002131287	0.0001065644	0.0002983802	-0.0004901961	-6.39386189258312E-05	0.0002131287	0.0002557545	-0.0001278772	-0.0007246377	-0.000341006	-0.0003836317	-0.0004049446	-0.0008098892	-0.0005754476	-0.000831202	0.0003196931	-0.0002344416	-0.0002770673	-0.0007459506	-0.0002557545	-0.0005754476	0.0003196931	0.0011295823	0.0001065644	0.0009377664	0.0009377664	0.0020460358	0.002173913	0.0028985507	0.0045822677	0.0057331628	0.0047953964	0.0069693095	0.0076513214	0.0102088662	0.0110400682	0.0135336743	0.0151747656	0.0173699915	0.02114237	0.0237212276	0.0269181586	0.0304134697	0.0329283887	0.0385123615	0.0425618073	0.0453324808	0.0520034101	0.0571611253	0.0615302643	0.0663256607	0.0739556692	0.0770247229	0.0835038363	0.0926683717	0.097144075	0.1007459506	0.1141091219	0.1212915601	0.1217178176	0.1297953964	0.1395353794	0.1432011935	0.1504901961	0.1578431373	0.1605924979	0.172314578	0.1763000853	0.1817348679	0.1906223359	0.195971867	0.2026641091	0.2064791134	0.2135549872	0.2212276215	0.2228473998	0.2277067349	0.2369991475	0.2393435635	0.2408141517	0.2508525149	0.2510869565	0.2570332481	0.2625959079	0.2617007673	0.2750852515	0.2757033248	0.2784313725	0.2829923274	0.2885336743	0.2862105712	0.2853580563	0.2907928389	0.2960144928	0.301683717	0.293627451	0.3015984655	0.3032182438	0.3057331628	0.3028772379	0.3093563512	0.3125106564	0.3138959932	0.3143648764	0.3190750213	0.3144501279	0.3147058824	0.3199488491	0.3198635976	0.3159207161	0.322314578	0.3199488491	0.3203537937	0.324658994	0.3238064791	0.3256606991	0.3255328218	0.3260869565	0.3235720375	0.3239769821	0.3254475703	0.3242753623	0.3265558397	0.321973572	0.3254901961	0.3255541347	0.3271312873	0.327173913	0.3245098039	0.3242327366	0.3274296675	0.3260869565	0.3224637681	0.3293052003	0.3190963342	0.326513214	0.3196717818	0.3218243819	0.317945439	0.3210358056	0.3156862745	0.3212276215	0.3189258312	0.3171994885	0.3214407502	0.3200127877	0.3151747656	0.3182651321	0.3144075021	0.3133205456	0.3149616368	0.3125319693	0.3058610401	0.3087382779	0.3072676897	0.3064364876	0.3077791986	0.3082480818	0.3077365729	0.3066283035	0.3074381927	0.3080775789	0.306543052	0.3028346121	0.3056905371	0.306884058	0.3043478261	0.3032182438	0.3047953964	0.2996376812	0.3012148338	0.3039641944	0.2977834612	0.2968883205	0.3001491901	0.2981670929	0.2944799659
0	6	0.0001918159	0.0001065644	0.0001491901	0.000511509	2.13128729752768E-05	0.0002983802	0.0004901961	-0.000170503	0.0004475703	0.0002770673	-0.0004475703	0.0005754476	0.0008098892	-0.0002131287	0.000831202	0.000170503	-0.0002344416	-0.0001918159	0.0002557545	0.0002557545	-0.0002983802	0.0002344416	0.0001491901	0.0001918159	0.0007672634	0.0004475703	0.0013853367	0.0011935209	0.0025362319	0.0022804774	0.0030690537	0.0042838875	0.0052642796	0.0057971014	0.0070758738	0.0081841432	0.0098465473	0.0127024723	0.0148124467	0.017114237	0.0209505541	0.0231670929	0.0263213981	0.0290707587	0.0332480818	0.0375959079	0.0463981245	0.0507672634	0.0571824382	0.063086104	0.0681585678	0.0752131287	0.083887468	0.0910699062	0.1005328218	0.1080349531	0.1158354646	0.1269820972	0.135571185	0.1440110827	0.1503623188	0.1627664109	0.1705882353	0.1802216539	0.1907289003	0.1994458653	0.2081628303	0.2190323956	0.2292625746	0.233226769	0.2457800512	0.2508525149	0.2610826939	0.2676683717	0.2765345269	0.2886615516	0.2945865303	0.3016624041	0.3060102302	0.3102514919	0.3174765558	0.3320758738	0.3383844842	0.3351236147	0.3480392157	0.3520460358	0.3606777494	0.3655370844	0.3719309463	0.3757246377	0.3801790281	0.3854646206	0.3882992327	0.4011295823	0.3952898551	0.3903452685	0.4024296675	0.4061807332	0.4202898551	0.4098678602	0.4111253197	0.407374254	0.4228687127	0.4243606138	0.4243819267	0.4275362319	0.4259803922	0.4331628303	0.4316069906	0.4342710997	0.4358056266	0.4460358056	0.4410272805	0.4346547315	0.4377237852	0.4412404092	0.4362745098	0.4416666667	0.441773231	0.4445225916	0.4491261722	0.4405370844	0.4451832907	0.4489769821	0.4447570332	0.4452472293	0.4445865303	0.4419863598	0.4440963342	0.4516410912	0.4450341006	0.444629156	0.4427962489	0.4469309463	0.4454603581	0.4453324808	0.4472719523	0.4395353794	0.4291346974	0.4419863598	0.4414109122	0.4427323103	0.4408994032	0.4461636829	0.4280903666	0.4362531969	0.4380434783	0.4359974425	0.4330136402	0.4356138107	0.4366581415	0.4376385337	0.4284100597	0.430200341	0.4301150895	0.4264066496	0.4205669224	0.4272165388	0.4144927536	0.4277919864	0.4217178176	0.4195012788	0.418286445	0.4111679454	0.4204816709	0.4166453538	0.4142156863	0.4081415175	0.4153452685	0.4087382779	0.4106138107	0.4111466326	0.4115089514	0.4045609548	0.4111253197	0.4085038363	0.4073103154	0.402514919	0.4056479113	0.4019394714	0.402344416
0	8	0.0001278772	0.0009377664	0.0007246377	0.000511509	2.13128729752768E-05	0.0005541347	0.0002983802	-4.26257459505544E-05	-0.0002557545	-0.0001065644	0.000511509	0.0009590793	-0.0002770673	4.26257459505544E-05	0.0010230179	-0.0001491901	-0.0008098892	-0.0004475703	-0.0003836317	0.0002557545	-4.26257459505544E-05	-0.0004688832	-0.0003623188	0.0003836317	0.0003196931	0.0003196931	0.0016410912	0.002344416	0.0018329071	0.0019607843	0.0023657289	0.0035805627	0.0034739983	0.0049019608	0.0058610401	0.0070332481	0.008887468	0.0101449275	0.0127024723	0.0139812447	0.016602728	0.0195865303	0.0213981245	0.0249147485	0.027685422	0.0322250639	0.0352088662	0.0390664962	0.0432438193	0.0490196078	0.0533248082	0.0597399829	0.0650895141	0.0683716965	0.0755967604	0.0821398124	0.0885336743	0.0982736573	0.1033461211	0.1096121057	0.1148124467	0.1191602728	0.1294117647	0.1369991475	0.1431585678	0.1493179881	0.1553495311	0.1648763853	0.1717817562	0.1781116795	0.1868925831	0.1897911338	0.1968243819	0.2026427962	0.2095907928	0.2172421142	0.2215046888	0.2311381074	0.2361253197	0.2378729753	0.2412617221	0.2503623188	0.2555839727	0.2576939471	0.2607630009	0.2740409207	0.2730179028	0.2797314578	0.2793478261	0.2906223359	0.2891943734	0.2897485081	0.2936061381	0.3034953112	0.2998934356	0.3015345269	0.307544757	0.3100170503	0.3185635124	0.3126811594	0.3095907928	0.3108269395	0.3172421142	0.325	0.3181798806	0.3239556692	0.3251491901	0.3277280477	0.3294330776	0.3279411765	0.3297953964	0.3294757033	0.331884058	0.3365089514	0.3317774936	0.3305626598	0.3328218244	0.3341858483	0.3335251492	0.3341645354	0.3352514919	0.3358056266	0.3405157715	0.3396419437	0.3347826087	0.3400042626	0.3353154305	0.331884058	0.3307971014	0.3346334186	0.3335890878	0.3339514066	0.3341005968	0.332544757	0.3295396419	0.3324168798	0.334228474	0.3318627451	0.3260656436	0.3313086104	0.3297101449	0.3263000853	0.3222293265	0.3265345269	0.3207374254	0.3266624041	0.3293478261	0.326342711	0.3238704177	0.3264066496	0.325341006	0.3193520887	0.3222080136	0.3200341006	0.321483376	0.3209079284	0.3151321398	0.3160912191	0.3127664109	0.3235720375	0.3103367434	0.3145140665	0.3126598465	0.3128942882	0.3103793691	0.3137041773	0.3114663257	0.3071184996	0.3058184143	0.304198636	0.3042838875	0.3001491901	0.3069053708	0.3001491901	0.3	0.302173913	0.2989343564	0.3039855072	0.2975277067	0.2958653026	0.2972932651
0	8	6.39386189258312E-05	4.26257459505535E-05	0.0004688832	0.0004475703	-0.0002344416	0.0004901961	-0.0001491901	-0.0005541347	-6.39386189258312E-05	-0.0006180733	0.0001278772	0.0001278772	-0.0002770673	-0.0008525149	0.0003196931	0.0001065644	-0.0006180733	-0.0004475703	-0.0007672634	0.0001918159	-0.0002344416	0.0004262575	-0.0006180733	0.0003196931	-0.000831202	0.0010869565	0.0010656436	0.0011295823	0.0017050298	0.0017050298	0.0017902813	0.0019820972	0.00385763	0.0047101449	0.0052855925	0.006202046	0.008056266	0.0092497869	0.0098252344	0.0112318841	0.0146206309	0.0156862745	0.0178815004	0.0215260017	0.0239130435	0.0265984655	0.0307331628	0.0334398977	0.0381926684	0.0418584825	0.0470588235	0.0516197783	0.0560102302	0.0615942029	0.0684995737	0.0726768968	0.0810528559	0.0868286445	0.0949062234	0.0973358909	0.1047740835	0.113086104	0.1202685422	0.1267050298	0.1342710997	0.1397911338	0.1494032396	0.1533674339	0.1618073316	0.167114237	0.1788363171	0.1804560955	0.1871057118	0.1929880648	0.2016624041	0.2064364876	0.2126172208	0.2205242967	0.2273657289	0.2273231032	0.2376811594	0.2438405797	0.2520034101	0.2530903666	0.2610187553	0.2624680307	0.2713554987	0.275	0.2822250639	0.2838448423	0.2866368286	0.2868712702	0.2905370844	0.302855925	0.2982310315	0.3007672634	0.3119565217	0.3092497869	0.3168371697	0.3145353794	0.3157928389	0.3184356351	0.3201832907	0.3270460358	0.3273870418	0.3315643649	0.3311594203	0.3366794544	0.3366581415	0.3320971867	0.3381074169	0.3404731458	0.3440963342	0.3415601023	0.3423913043	0.341943734	0.3418371697	0.3465260017	0.3449062234	0.3453537937	0.3442668372	0.3439897698	0.3452472293	0.3425191816	0.3438618926	0.3476768968	0.3505328218	0.3455669224	0.3445439045	0.3435208866	0.3497655584	0.348657289	0.3464407502	0.3485294118	0.3507033248	0.345971867	0.3498934356	0.3465046888	0.344799659	0.3476768968	0.3438405797	0.3446504689	0.3408354646	0.3458439898	0.3388959932	0.3462915601	0.344629156	0.3409207161	0.3434356351	0.3425191816	0.3388320546	0.3406436488	0.3415814152	0.345801364	0.3395780051	0.3375959079	0.3300937766	0.335400682	0.3343776641	0.3341858483	0.3355285592	0.3372762148	0.3339514066	0.3317561807	0.3316069906	0.3331415175	0.3263000853	0.3252770673	0.3311381074	0.3258738278	0.3208439898	0.3238064791	0.3283248082	0.3230392157	0.3235933504	0.3196930946	0.3218243819	0.3190110827	0.3184995737	0.3239343564	0.3208866155
0	8	-0.0007672634	-8.52514919011089E-05	0.0002770673	0.0007033248	-0.0002983802	-8.5251491901108E-05	0.0003623188	-0.000170503	0	-0.0001065644	-0.0003836317	0.0006393862	-0.0004688832	-0.0007246377	6.39386189258312E-05	4.26257459505544E-05	-0.0008098892	-0.0005754476	-0.0003196931	-0.0003196931	-0.0003623188	-0.000341006	-4.26257459505544E-05	0.000511509	6.39386189258312E-05	0	0.0011935209	0.0014492754	0.0018329071	0.0022804774	0.0018542199	0.0031969309	0.0043052003	0.0057331628	0.0069479966	0.0085677749	0.0097826087	0.0114236999	0.0137894288	0.016283035	0.0194160273	0.0215686275	0.0240196078	0.0300937766	0.0343350384	0.0363171355	0.0430733163	0.0466112532	0.0549445865	0.0610400682	0.0650895141	0.072144075	0.0821611253	0.0859548167	0.0958653026	0.1005541347	0.1110400682	0.1194373402	0.1269394714	0.1316069906	0.1433290708	0.1549019608	0.1614450128	0.1707587383	0.1789641944	0.1883844842	0.1953111679	0.2057331628	0.211743393	0.2203111679	0.2274936061	0.2340366581	0.2447783461	0.2536658142	0.2636828645	0.2718456948	0.2766197783	0.2824168798	0.2865089514	0.2917092924	0.2962489344	0.3069479966	0.3119778346	0.3117860188	0.3248934356	0.327173913	0.3331202046	0.3388107417	0.343797954	0.3475277067	0.3572250639	0.3600809889	0.3547314578	0.3719096334	0.3658780904	0.3691815857	0.370971867	0.3793265132	0.3923486786	0.3855072464	0.3792838875	0.3821824382	0.3928175618	0.3930946292	0.3959931799	0.3931372549	0.4000852515	0.3974211424	0.3981031543	0.3999360614	0.4004475703	0.4010230179	0.4027280477	0.4027493606	0.412915601	0.4074808184	0.405200341	0.4102728048	0.4055839727	0.4079497016	0.4115942029	0.4091432225	0.4070119352	0.4119565217	0.4081841432	0.4126385337	0.4098039216	0.4081628303	0.4125745951	0.4088022165	0.4063512361	0.4100383632	0.406543052	0.4084398977	0.4056905371	0.4023657289	0.4041773231	0.4059676044	0.4033034953	0.4079070759	0.4047740835	0.4027067349	0.4033674339	0.4044757033	0.3984228474	0.4001278772	0.402173913	0.4051790281	0.3961849957	0.3952046036	0.3979113384	0.398827792	0.3965686275	0.3939471441	0.3966112532	0.3865089514	0.3900042626	0.3897485081	0.3891091219	0.3927536232	0.3864236999	0.3851023018	0.382544757	0.3795822677	0.3839087809	0.3835251492	0.3798806479	0.3750852515	0.3779411765	0.3776641091	0.3754475703	0.3770673487	0.3757672634	0.376172208	0.373657289	0.374168798	0.3732949702	0.3677323103	0.3638959932	0.366773231	0.3651960784
0	10	0.0007672634	0.0014492754	0.0004688832	0.0006393862	0.0011082694	0.0007459506	0.0004262575	0.0007246377	0.0011508951	0.0008525149	0.0014066496	0.0007033248	0.0009377664	0.0004901961	0.001342711	0.0006180733	-4.26257459505544E-05	0.0007672634	0.0010230179	0.000831202	0.0014279625	0.0015771526	0.0015558397	0.0022378517	0.0016624041	0.0017902813	0.0022165388	0.0026641091	0.004198636	0.0047740835	0.0049232737	0.006713555	0.0085251492	0.0111040068	0.0119352089	0.0134910486	0.0154092072	0.0185208866	0.0210784314	0.0245311168	0.0274722933	0.032054561	0.0366155158	0.0407075874	0.0438618926	0.0514705882	0.0564364876	0.0588235294	0.0676683717	0.0716538789	0.078516624	0.089599318	0.0950127877	0.1005967604	0.1085251492	0.1137894288	0.1240196078	0.1324808184	0.1361466326	0.1447783461	0.154198636	0.1626385337	0.1698849105	0.1721653879	0.1835677749	0.1899190111	0.1973572038	0.2019607843	0.2139173061	0.2175618073	0.229859335	0.235059676	0.241773231	0.2486786019	0.2531969309	0.25771526	0.2650468883	0.2677749361	0.273657289	0.2732949702	0.2767476556	0.2900042626	0.2987425405	0.294458653	0.3005328218	0.3034526854	0.308056266	0.3134910486	0.3197570332	0.3228473998	0.3255754476	0.3266410912	0.3287723785	0.3455029838	0.3352514919	0.331713555	0.3414322251	0.3390451833	0.355200341	0.3419011083	0.3361892583	0.3414535379	0.345630861	0.3530690537	0.3514279625	0.3548380222	0.3497655584	0.3547740835	0.3584612106	0.3617007673	0.3540920716	0.3654731458	0.3618073316	0.3573529412	0.3640025575	0.3620204604	0.3527067349	0.3596973572	0.3595481671	0.3652387042	0.3664535379	0.3632352941	0.360400682	0.3558823529	0.3606777494	0.3636615516	0.3579497016	0.35956948	0.3613597613	0.3575234442	0.3621057118	0.3554987212	0.3559036658	0.3584398977	0.3574168798	0.3594629156	0.3561594203	0.3523231032	0.3473572038	0.354198636	0.3557331628	0.3528985507	0.3464620631	0.3492966752	0.3433716965	0.3448849105	0.3490409207	0.3443094629	0.3459931799	0.3423913043	0.3456734868	0.3467817562	0.3440110827	0.3394075021	0.3384910486	0.3363171355	0.3304774084	0.3306692242	0.3279198636	0.3341219096	0.3281756181	0.3308823529	0.331202046	0.3259377664	0.3285379369	0.3292412617	0.3241901108	0.3187553282	0.3264705882	0.3269607843	0.3222506394	0.323998295	0.3179667519	0.3142796249	0.3193094629	0.3117007673	0.3151108269	0.3121696505	0.3115942029	0.310571185	0.3065643649
0	10	0.0002557545	4.26257459505535E-05	0.0004049446	0.0001918159	-0.0006820119	0.0004262575	0.0003623188	-0.0002344416	0.0003836317	-0.0010656436	-0.0001918159	0.000511509	-0.0005328218	-0.0005967604	0.000511509	-2.13128729752768E-05	-0.0002344416	0.0002557545	-0.0003836317	-0.0004475703	-0.0002344416	-0.0002770673	-4.26257459505544E-05	0.0001918159	0.000511509	0.0008951407	0.0011935209	0.0018329071	0.0020886616	0.0021526002	0.0025575448	0.0031329923	0.0048806479	0.0069479966	0.0070119352	0.0081841432	0.0094629156	0.0113597613	0.014940324	0.0150682012	0.016602728	0.0205456095	0.0230605286	0.0275362319	0.029859335	0.0333120205	0.0390451833	0.0432225064	0.0488704177	0.0544543905	0.0588235294	0.0669011083	0.0707800512	0.0759164535	0.0856990622	0.0896206309	0.0983802217	0.105370844	0.1129369139	0.1229752771	0.1311807332	0.1368712702	0.1458439898	0.1541346974	0.162084399	0.1725277067	0.1772804774	0.1881500426	0.1952472293	0.1981884058	0.2100383632	0.2193307758	0.2206095482	0.2312872975	0.240601023	0.2449275362	0.2536018755	0.2599104859	0.2698849105	0.2684995737	0.2741901108	0.2884057971	0.291773231	0.2961210571	0.3052642796	0.3057544757	0.3125319693	0.3151534527	0.3257033248	0.3306479113	0.3335677749	0.3395566922	0.3426470588	0.3474211424	0.3439471441	0.345971867	0.3574808184	0.352855925	0.36543052	0.3658780904	0.3611892583	0.3628729753	0.3735720375	0.3702685422	0.372655584	0.3790068201	0.38071185	0.3806052856	0.3824381927	0.3803069054	0.382544757	0.3868925831	0.3886615516	0.3904092072	0.3947570332	0.3886828645	0.3884484228	0.3924978687	0.3889599318	0.3937553282	0.3915814152	0.3907289003	0.3933930094	0.394629156	0.3925831202	0.3935208866	0.3937553282	0.3940963342	0.3911551577	0.3978687127	0.3927962489	0.3975063939	0.3916453538	0.3939258312	0.3950127877	0.3932225064	0.396312873	0.3934995737	0.3852728048	0.393456948	0.3910912191	0.3880647911	0.3903239557	0.3896419437	0.385571185	0.383887468	0.3875959079	0.3917519182	0.3871696505	0.3850383632	0.3860187553	0.3827791986	0.3852514919	0.3873614663	0.3831841432	0.3856138107	0.3809249787	0.3845055413	0.3763853367	0.3864236999	0.383226769	0.3745524297	0.3785805627	0.3753623188	0.3759803922	0.3808397272	0.3713768116	0.3690750213	0.3721867008	0.3729326513	0.3668797954	0.3669011083	0.3695652174	0.3664535379	0.370140665	0.3680946292	0.3678601876	0.3648550725	0.3700980392	0.3646632566	0.3630221654
0	10	0.0001278772	0.0002344416	0.0005328218	0.0003196931	-0.0001065644	-0.0001491901	-0.0001491901	-0.0006180733	-0.0001918159	-0.0003623188	6.39386189258312E-05	-0.0001278772	4.26257459505544E-05	0.0001065644	0.0001918159	-0.0007246377	-0.0004901961	-0.0002557545	0.0002557545	-0.0003836317	-0.000170503	-0.0004049446	0.0002770673	-0.0001278772	0.0003836317	0.0008951407	0.0018968457	0.0021526002	0.002855925	0.0033674339	0.0039002558	0.0042199488	0.0061594203	0.0075873828	0.0088022165	0.0102941176	0.0132352941	0.0147485081	0.0185848252	0.0207587383	0.0233802217	0.0282821824	0.0300937766	0.0357203751	0.0395140665	0.0475703325	0.0526001705	0.0569053708	0.0643435635	0.0724211424	0.0806905371	0.0872975277	0.095971867	0.1027067349	0.1112105712	0.1212702472	0.1298380222	0.1393861893	0.1491901108	0.1576300085	0.1658994032	0.1781756181	0.1879795396	0.1984441603	0.2122762148	0.2183077579	0.2257459506	0.2393009378	0.2464620631	0.2595055413	0.2618286445	0.2745098039	0.2832054561	0.2956734868	0.2981457801	0.3078431373	0.3195225916	0.3265984655	0.3280051151	0.3331415175	0.3366581415	0.3517050298	0.3588448423	0.3640238704	0.3711210571	0.3774936061	0.3854219949	0.3909207161	0.3954603581	0.4059676044	0.4012787724	0.4126385337	0.4154731458	0.4306052856	0.4282821824	0.4155370844	0.4301790281	0.431884058	0.4424126172	0.4381926684	0.4336956522	0.4392156863	0.4469096334	0.4512787724	0.4562233589	0.4506820119	0.4547527707	0.4516410912	0.4621696505	0.4597186701	0.4576726343	0.4627237852	0.467945439	0.4635549872	0.4670076726	0.4695652174	0.4597399829	0.4690963342	0.4657502131	0.4692028986	0.4672208014	0.4630434783	0.4653239557	0.470971867	0.4733375959	0.4698635976	0.4727834612	0.4682011935	0.4651321398	0.4696078431	0.4724637681	0.4728900256	0.4699062234	0.462084399	0.4681585678	0.4717391304	0.4699062234	0.4661977835	0.4612318841	0.4637254902	0.4600809889	0.4626172208	0.4606564365	0.460230179	0.4468883205	0.4615089514	0.4544757033	0.4615089514	0.4555200341	0.455370844	0.4479752771	0.4540707587	0.4505967604	0.4551364024	0.4526214834	0.4520460358	0.4428175618	0.4437766411	0.4353367434	0.4462063086	0.4499786871	0.4395140665	0.4391304348	0.4347612958	0.4404944587	0.4381926684	0.4385763001	0.4270034101	0.4384910486	0.4334825234	0.4287084399	0.4333333333	0.4267902813	0.4279624893	0.4310741688	0.4272378517	0.4236146633	0.4228473998	0.4243819267	0.4179880648	0.418456948
0	15	-0.0006393862	0.0002344416	2.13128729752768E-05	0.000831202	0.0005328218	0.0002344416	-0.0002770673	0.0001491901	-0.0004475703	-0.000170503	0.0001918159	-0.0001918159	-0.0002770673	-0.0007246377	0.0006393862	-0.0002131287	-0.0006180733	0.0007672634	0.0007672634	0.0003836317	0.0002131287	0.0004262575	0.0012361466	0.0010230179	0.000511509	0.0015345269	0.0026001705	0.0035592498	0.0027280477	0.0038150043	0.0039641944	0.0056265985	0.0061594203	0.0070758738	0.0087382779	0.0095907928	0.0117647059	0.0139173061	0.0173699915	0.0180733163	0.0234441603	0.0237425405	0.0274083546	0.0319479966	0.0346547315	0.0384910486	0.0449914749	0.0477621483	0.0555839727	0.0595055413	0.0654092072	0.0710571185	0.0789002558	0.0842924126	0.0942028986	0.1005541347	0.1076513214	0.1153452685	0.1222080136	0.1306479113	0.1428815004	0.1494671782	0.1582480818	0.1631500426	0.1753196931	0.1795609548	0.1884697357	0.2011295823	0.209057971	0.2183290708	0.227685422	0.2306479113	0.2401108269	0.2523231032	0.2562659847	0.2614876385	0.2770673487	0.2801150895	0.2875319693	0.2861466326	0.2908141517	0.3064364876	0.3142796249	0.3091645354	0.3223998295	0.3268542199	0.3301790281	0.3340153453	0.3447570332	0.349829497	0.3541560102	0.3525362319	0.362084399	0.3696717818	0.3611466326	0.3648976982	0.3726342711	0.3765771526	0.3854433078	0.3849317988	0.3796675192	0.3798167093	0.3884697357	0.3909846547	0.3977195226	0.3964620631	0.3993819267	0.4006820119	0.3985507246	0.401342711	0.4088235294	0.4025575448	0.4061167945	0.4081841432	0.4097826087	0.406713555	0.4068627451	0.413597613	0.4094842285	0.4122335891	0.4093563512	0.4068414322	0.4089940324	0.4118925831	0.4123401535	0.4148124467	0.4172208014	0.4070119352	0.4124467178	0.4132139812	0.4128090367	0.4084398977	0.4069906223	0.4125319693	0.4103580563	0.4109335038	0.4095481671	0.407054561	0.4040707587	0.4057331628	0.4050937766	0.4089087809	0.3993393009	0.4059462916	0.3992540494	0.4002557545	0.4024296675	0.4033248082	0.3983589088	0.4028772379	0.3986146633	0.4004262575	0.3956734868	0.3965686275	0.3943094629	0.3953324808	0.3846973572	0.393456948	0.3823955669	0.3944160273	0.3871909633	0.3907289003	0.3850383632	0.3850809889	0.3881287298	0.3879369139	0.385571185	0.3752770673	0.3807544757	0.3844416027	0.3819053708	0.3804560955	0.375511509	0.3767476556	0.3773017903	0.3757033248	0.3738064791	0.3800724638	0.3715046888	0.3739343564	0.3693520887
0	15	6.39386189258312E-05	4.26257459505535E-05	0.0004688832	0.0005754476	0.0007246377	0.0002983802	0.0002983802	2.13128729752768E-05	0.0002557545	0.0002131287	-0.0001278772	0.0003196931	-0.0006606991	-0.0002770673	0.0004475703	-0.000341006	0.0002131287	-6.39386189258312E-05	-0.0002557545	6.39386189258312E-05	0.0002770673	0.0005541347	0.0004049446	0.000511509	0.0007033248	0.0011508951	0.0024083546	0.0027919864	0.0027280477	0.0027919864	0.0036445013	0.0044757033	0.0059676044	0.0073955669	0.0087382779	0.0106138107	0.0120204604	0.0136615516	0.0151321398	0.0174978687	0.0214620631	0.0252770673	0.0286231884	0.031372549	0.0354859335	0.0420716113	0.0427536232	0.0498721228	0.0560315431	0.0647485081	0.0686700767	0.0756606991	0.0810741688	0.0892796249	0.0966965047	0.1061167945	0.1132139812	0.1223785166	0.1314151748	0.1381287298	0.1459505541	0.1566922421	0.1663043478	0.1729326513	0.1819693095	0.1945865303	0.2001065644	0.2136615516	0.2235720375	0.229198636	0.2400895141	0.2456095482	0.2521312873	0.2624254049	0.2739769821	0.2758098892	0.2853154305	0.2900255754	0.2990409207	0.3041133845	0.3075660699	0.3198635976	0.3325660699	0.3316709292	0.3439471441	0.3412404092	0.3535805627	0.355370844	0.3641304348	0.3712489344	0.376342711	0.3765771526	0.3797314578	0.3979326513	0.3924126172	0.3885549872	0.3966112532	0.3987638534	0.4162617221	0.4103793691	0.3961636829	0.4028346121	0.4156436488	0.4139386189	0.4192028986	0.4232523444	0.41728474	0.4274722933	0.4231031543	0.4278132992	0.4280051151	0.4302429668	0.4338022165	0.4367647059	0.4331841432	0.4391943734	0.4243179881	0.4417945439	0.4374893436	0.4311594203	0.4345481671	0.4443094629	0.4388533674	0.435230179	0.4391943734	0.4401321398	0.4360187553	0.443456948	0.4363597613	0.4400682012	0.4410699062	0.4393861893	0.440942029	0.443286445	0.4340153453	0.4366368286	0.4401747656	0.4348678602	0.4274722933	0.4398763853	0.437254902	0.4346760443	0.4393009378	0.4311381074	0.4225277067	0.4320332481	0.4249360614	0.4309462916	0.4408141517	0.4274296675	0.429369139	0.4274083546	0.42885763	0.4258525149	0.4303069054	0.4239130435	0.408226769	0.4228047741	0.4154518329	0.4229326513	0.4267689685	0.4248721228	0.4226982097	0.4091219096	0.4179241262	0.4188832055	0.4147271952	0.40385763	0.4132992327	0.4154518329	0.416943734	0.4076939471	0.4083120205	0.4096121057	0.4092071611	0.4087595908	0.4059036658	0.4064151748	0.4087809037	0.4013640239	0.4061807332
0	15	-0.0001278772	0.0008738278	0.0004049446	0.0004475703	0.0002131287	-2.13128729752768E-05	0.0004901961	8.5251491901108E-05	-0.0003196931	-0.0003623188	0.0002557545	0.000831202	-0.0005328218	4.26257459505544E-05	0.000511509	-0.0001491901	-0.0004901961	-0.0005754476	0.0004475703	0	0.0006606991	0.0006180733	0.0007246377	0.0007672634	0.0012787724	0.0023017903	0.0026001705	0.0033034953	0.0033034953	0.0041346974	0.0047314578	0.0070332481	0.0082054561	0.0095055413	0.0112318841	0.0128516624	0.014769821	0.0187766411	0.0215260017	0.0247229327	0.0290068201	0.0335890878	0.0370630861	0.0439684569	0.0483375959	0.0549872123	0.0616794544	0.0686061381	0.078026428	0.0830988917	0.0925831202	0.1021312873	0.1103580563	0.1154944587	0.1296888321	0.1407075874	0.1484441603	0.1617007673	0.1731031543	0.1798167093	0.1900042626	0.2004262575	0.2152173913	0.2229326513	0.2360613811	0.2413895993	0.2522804774	0.2666666667	0.2762574595	0.2884057971	0.297314578	0.3067348679	0.3156223359	0.3202898551	0.3390664962	0.3430093777	0.3543052003	0.3556905371	0.370971867	0.3665814152	0.3778346121	0.390771526	0.3961849957	0.4006606991	0.4124893436	0.4145140665	0.4216751918	0.4296675192	0.434398977	0.4405583973	0.451342711	0.4529198636	0.4547314578	0.4705669224	0.4644714408	0.4595268542	0.4655370844	0.4733802217	0.4860826939	0.4848678602	0.4734015345	0.4763000853	0.4844416027	0.48657289	0.4938832055	0.4914748508	0.4922208014	0.4946078431	0.4979752771	0.5024936061	0.5008951407	0.500831202	0.5015771526	0.5023657289	0.5072890026	0.5101662404	0.4975277067	0.5098252344	0.5059036658	0.5082054561	0.5116581415	0.5049232737	0.5060528559	0.5079283887	0.5104859335	0.5125106564	0.5071824382	0.5094416027	0.5041346974	0.5059889173	0.5043052003	0.5079283887	0.5111466326	0.4992966752	0.5054987212	0.5031969309	0.5034100597	0.5042412617	0.4959505541	0.5046462063	0.5046462063	0.4975916454	0.5020886616	0.4950127877	0.4945225916	0.4988491049	0.4969948849	0.4969948849	0.4966965047	0.4982736573	0.4926683717	0.493456948	0.4901108269	0.4874254049	0.4894501279	0.4911764706	0.4813086104	0.4815004263	0.4761295823	0.4809889173	0.4795822677	0.4757672634	0.4767902813	0.4652600171	0.4773231032	0.4738704177	0.4757885763	0.4672208014	0.4693094629	0.4673699915	0.4668797954	0.4642156863	0.4658567775	0.4668371697	0.4611253197	0.4576726343	0.4608269395	0.4578218244	0.4634484228	0.4573103154	0.4524083546
0	20	0	0.0002983802	0.0008525149	6.39386189258312E-05	-0.0003623188	0.0004901961	0.0005541347	-0.000170503	6.39386189258312E-05	0.0007885763	-0.0001918159	0.000511509	0.0002344416	-8.5251491901108E-05	0.0007672634	-0.0004688832	2.13128729752768E-05	-6.39386189258312E-05	-0.0002557545	-0.0001278772	0.0009164535	0.0005541347	-0.0002983802	0	0.000511509	0.0015345269	0.0019607843	0.0025362319	0.0027280477	0.0039428815	0.0044757033	0.0064578005	0.0059036658	0.00771526	0.0102728048	0.0106777494	0.0121483376	0.014428815	0.0167945439	0.0200554135	0.0215899403	0.0252131287	0.0288150043	0.0331628303	0.0361253197	0.0395780051	0.0431372549	0.0487212276	0.0545609548	0.0612318841	0.0648976982	0.0754049446	0.0794757033	0.0845481671	0.0920289855	0.100170503	0.1098891731	0.1148337596	0.1247655584	0.1348039216	0.1409633419	0.1495311168	0.1586956522	0.1683290708	0.1746803069	0.1848678602	0.1953111679	0.2030477408	0.2072037511	0.2189045183	0.229028133	0.2346121057	0.2420289855	0.2475277067	0.2583120205	0.2671781756	0.2761082694	0.2829283887	0.2866368286	0.289087809	0.2977834612	0.316602728	0.3179241262	0.3202259165	0.3252770673	0.3376598465	0.3331841432	0.3420716113	0.3484654731	0.357374254	0.358887468	0.3616794544	0.3675191816	0.3806052856	0.372655584	0.3751918159	0.3822250639	0.3803495311	0.3973998295	0.3911977835	0.3865089514	0.3904944587	0.3976768968	0.4062659847	0.4064151748	0.404198636	0.4087809037	0.4050937766	0.4110826939	0.4160485934	0.416943734	0.4188618926	0.4156436488	0.4235933504	0.4168158568	0.4150895141	0.4147911338	0.4263853367	0.4200341006	0.4177323103	0.4195865303	0.4195012788	0.4170502984	0.4226342711	0.4261508951	0.4237638534	0.4249573743	0.4239556692	0.4284313725	0.4197357204	0.4197783461	0.4202685422	0.4259803922	0.4248721228	0.4275575448	0.4232736573	0.4229752771	0.4191389599	0.4181372549	0.4195439045	0.4161551577	0.4167092924	0.4189684569	0.4193734015	0.4112105712	0.4155370844	0.4108695652	0.4187340153	0.4166453538	0.4170716113	0.4128729753	0.4150042626	0.4147911338	0.4117220801	0.406202046	0.4090153453	0.4013853367	0.4051577153	0.3994671782	0.4059249787	0.4016410912	0.4003836317	0.4051150895	0.3965260017	0.4062872975	0.4021312873	0.3966965047	0.3907502131	0.3984015345	0.3965899403	0.3948849105	0.3925404945	0.395140665	0.3948422847	0.3927109974	0.391112532	0.3911338448	0.3894075021	0.3906223359	0.3921568627	0.3913469736
0	20	0.0006393862	0.001001705	0.0005967604	0.0007033248	0.0002770673	0.0003623188	0.0006180733	-0.0004901961	-0.0002557545	-0.0003623188	0.0001278772	0.0002557545	-0.0001491901	0.000170503	0.0004475703	-0.0006606991	-0.0008738278	-0.0003196931	0.0002557545	-0.0004475703	0.0001491901	0.0001065644	0.0009164535	0.000511509	0.0021099744	0.0012148338	0.0022804774	0.0031116795	0.0027280477	0.0040707587	0.0047314578	0.0053069054	0.0063512361	0.0084825234	0.0091219096	0.0106138107	0.0127877238	0.0137894288	0.0173699915	0.018456948	0.0219096334	0.0256606991	0.0300937766	0.0323316283	0.0361892583	0.0408567775	0.0467817562	0.0489130435	0.0566709292	0.0619352089	0.0681585678	0.0747655584	0.0792838875	0.0854433078	0.094970162	0.104198636	0.1108482523	0.1196930946	0.12885763	0.1329497016	0.1444799659	0.1511295823	0.1583759591	0.1695439045	0.1757672634	0.1860187553	0.1976768968	0.2062446718	0.2115515772	0.2207587383	0.2274936061	0.2401108269	0.2434995737	0.2551364024	0.2615089514	0.2680733163	0.2756606991	0.2836317136	0.2905370844	0.2945865303	0.3008525149	0.3076513214	0.3172208014	0.3192028986	0.3334612106	0.3340792839	0.343286445	0.3480179028	0.3523017903	0.3553921569	0.3623401535	0.3663469736	0.3658567775	0.3829710145	0.375341006	0.3751278772	0.3875959079	0.3862958227	0.3988064791	0.3924765558	0.3948849105	0.3977195226	0.4010656436	0.4111892583	0.4048167093	0.4051577153	0.4084612106	0.4111040068	0.4165174766	0.4197570332	0.4159207161	0.4180946292	0.4171781756	0.4190537084	0.4200127877	0.422314578	0.4214407502	0.4219096334	0.4203537937	0.4243179881	0.4238064791	0.4246803069	0.4202472293	0.428516624	0.4244245524	0.4258098892	0.4259164535	0.4312446718	0.4236999147	0.4228687127	0.4241901108	0.4224424552	0.4192028986	0.4209079284	0.4230818414	0.4205242967	0.4216965047	0.423486786	0.4113597613	0.4244032396	0.4226129582	0.4206734868	0.4202472293	0.4155370844	0.4082054561	0.4132992327	0.4157289003	0.4166879795	0.4179241262	0.4090153453	0.4163895993	0.4121270247	0.4103793691	0.4074381927	0.4145780051	0.405370844	0.4026641091	0.4031116795	0.4020886616	0.408226769	0.4076513214	0.4002557545	0.3950127877	0.398827792	0.4011082694	0.4011082694	0.3984228474	0.3928601876	0.3944373402	0.4000426257	0.3952685422	0.3945865303	0.3939258312	0.3858269395	0.387084399	0.3864450128	0.3894714408	0.3899190111	0.3832693947	0.3849317988	0.3870630861
0	20	0.0003196931	0.0012574595	0.0007885763	0.0007672634	0.0004688832	0.0003623188	0.0009377664	2.13128729752768E-05	-0.0004475703	-0.000170503	-0.0003196931	0.0001918159	-8.5251491901108E-05	-0.0002770673	0.0005754476	-0.0004049446	0.0002770673	0.0003196931	0.0001278772	-6.39386189258312E-05	0.0002770673	0.0008098892	0.0006606991	0.0011508951	0.0014066496	0.0015345269	0.002855925	0.0029838022	0.003687127	0.004198636	0.0050511509	0.0063299233	0.0086530264	0.0086743393	0.0112318841	0.0132992327	0.0159207161	0.01928815	0.0231244672	0.0258098892	0.0293265132	0.033397272	0.0369352089	0.0424339301	0.0478900256	0.0544117647	0.0611040068	0.0639386189	0.0741901108	0.0811807332	0.0875319693	0.095801364	0.106713555	0.1131926684	0.1245737425	0.1335464621	0.1449914749	0.1541560102	0.1633844842	0.1749573743	0.1825873828	0.1992114237	0.2051150895	0.2180093777	0.2259590793	0.2374893436	0.2494032396	0.2623188406	0.26928815	0.2799019608	0.2913682864	0.2995098039	0.3078218244	0.3184995737	0.3318414322	0.335912191	0.3452898551	0.3546035806	0.3599104859	0.3620417732	0.3731031543	0.3923699915	0.3903665814	0.3951619778	0.4067348679	0.4086317136	0.4189258312	0.4238491049	0.4307544757	0.4317988065	0.4374680307	0.4487638534	0.4441176471	0.4612958227	0.4569266837	0.450831202	0.4640025575	0.4705029838	0.4885763001	0.4715046888	0.4712915601	0.4774509804	0.4822676897	0.4843350384	0.4841005968	0.4866155158	0.4932438193	0.4963981245	0.4934995737	0.4975063939	0.4943734015	0.4964194373	0.4999786871	0.504028133	0.5039002558	0.5018542199	0.4913895993	0.5017689685	0.5014279625	0.4995098039	0.5055200341	0.4907928389	0.4989556692	0.4977621483	0.5158567775	0.4978687127	0.5052642796	0.5017689685	0.5017050298	0.4973572038	0.4973998295	0.5015345269	0.4949062234	0.501342711	0.4956521739	0.4973785166	0.4991261722	0.4961210571	0.4834185848	0.4932651321	0.4917306053	0.4915174766	0.485400682	0.4879795396	0.4774509804	0.4866368286	0.4833120205	0.4875319693	0.4746376812	0.4797314578	0.4795609548	0.4762574595	0.4746376812	0.4738704177	0.471483376	0.4698209719	0.4637894288	0.466602728	0.4601449275	0.4644927536	0.4640451833	0.4618925831	0.4679028133	0.4510656436	0.4534739983	0.4574381927	0.4522591645	0.4472080136	0.4556905371	0.4481244672	0.450511509	0.444970162	0.4510869565	0.4470161978	0.4437340153	0.4428388747	0.4360826939	0.4372335891	0.4369778346	0.4349317988	0.4327791986
0	40	0.0007033248	0.001001705	0.0005967604	0	-0.0001065644	4.26257459505544E-05	4.26257459505544E-05	-0.0007459506	-0.000511509	-0.0007459506	-0.0003836317	0.0004475703	0.0003623188	-0.0009803922	0.0004475703	-0.0005328218	-4.26257459505544E-05	-0.0001918159	6.39386189258312E-05	0.0002557545	0.000341006	-0.0002770673	0.0004049446	0.0008951407	0.0010869565	0.0019181586	0.0026001705	0.0034953112	0.0042625746	0.005029838	0.0043478261	0.0056265985	0.007885763	0.0086104007	0.0103367434	0.01157289	0.0144501279	0.0168584825	0.0194799659	0.0222932651	0.0248508099	0.0282182438	0.0317561807	0.0357843137	0.0404731458	0.0467391304	0.0504901961	0.0554987212	0.0585251492	0.0692242114	0.0722506394	0.0821184996	0.0872762148	0.0940750213	0.1018755328	0.1107203751	0.1183930094	0.1274296675	0.1381926684	0.1451619778	0.1545822677	0.1623827792	0.1677749361	0.175170503	0.1848465473	0.194970162	0.2079070759	0.2108482523	0.2252344416	0.2322037511	0.2414961637	0.2481031543	0.2571184996	0.2628729753	0.2694373402	0.2817561807	0.2897911338	0.2913043478	0.2979539642	0.3069266837	0.3110187553	0.3220375107	0.3249573743	0.3278985507	0.3384484228	0.3434143223	0.3449488491	0.3538363171	0.3551150895	0.3573103154	0.3648976982	0.3700554135	0.3753196931	0.3882139812	0.3804560955	0.3762787724	0.3812659847	0.3890451833	0.3956734868	0.3920289855	0.3928388747	0.3966325661	0.401513214	0.4002557545	0.4032821824	0.4091858483	0.4130008525	0.4141091219	0.412745098	0.4104219949	0.4133631714	0.4157289003	0.4143648764	0.4180946292	0.4163043478	0.4084398977	0.408716965	0.4180733163	0.4192668372	0.4195225916	0.4218883205	0.4193094629	0.4213341858	0.4152173913	0.4212915601	0.417114237	0.4188192668	0.416602728	0.4207587383	0.413597613	0.4225916454	0.4131074169	0.4112745098	0.4199488491	0.4177749361	0.4173273657	0.4146632566	0.4135123615	0.4132779199	0.4151321398	0.4181372549	0.4066069906	0.411743393	0.4070332481	0.4073103154	0.4095268542	0.4070332481	0.4104219949	0.4059036658	0.402685422	0.4034100597	0.4039428815	0.4024509804	0.4027067349	0.4073529412	0.3959079284	0.3926896846	0.3936487639	0.3943520887	0.3978687127	0.3950554135	0.3959079284	0.3900895141	0.3832907076	0.3903026428	0.3859548167	0.3878729753	0.3814151748	0.3862531969	0.3848891731	0.3820332481	0.3830775789	0.3822890026	0.382054561	0.3835677749	0.3727621483	0.376683717	0.3733589088	0.3757246377	0.3768755328	0.3694160273
0	40	0.0017263427	0.0011295823	0.0008525149	0.0004475703	-0.000170503	4.26257459505544E-05	-8.5251491901108E-05	-0.0004262575	-0.0002557545	-0.0004901961	6.39386189258312E-05	0.0003196931	-0.0002131287	-0.0005328218	0.0007033248	-0.0002131287	-0.0002983802	-0.0001278772	-0.0004475703	0.000831202	0.0006606991	0.0002344416	0.0002770673	0.0007033248	0.0015345269	0.0018542199	0.0019607843	0.0027280477	0.0030477408	0.0042625746	0.0046035806	0.0065217391	0.0060954817	0.0085464621	0.0097612958	0.0132352941	0.0140025575	0.0158354646	0.0176896846	0.0212063086	0.0241474851	0.0282182438	0.0283674339	0.0352088662	0.0370204604	0.0412404092	0.0471014493	0.052685422	0.0585890878	0.0627664109	0.0680306905	0.076172208	0.081713555	0.0868499574	0.0964407502	0.1052216539	0.1133418585	0.1191176471	0.1284100597	0.1366581415	0.1440323956	0.1538150043	0.1622122762	0.170630861	0.1780051151	0.1897271952	0.1983802217	0.2065643649	0.2155157715	0.2221014493	0.2287723785	0.24228474	0.2460571185	0.2527067349	0.2627237852	0.267945439	0.2789215686	0.2844629156	0.2928388747	0.2938832055	0.2946504689	0.3151960784	0.3184995737	0.3156223359	0.3319266837	0.3367007673	0.3407289003	0.3502557545	0.3565217391	0.3520034101	0.36157289	0.3667306053	0.3718670077	0.3788789429	0.3794330776	0.3773017903	0.3787084399	0.3823316283	0.3947144075	0.3955456095	0.3887468031	0.3886402387	0.4010656436	0.4019820972	0.40385763	0.4061807332	0.4082693947	0.4073955669	0.4139599318	0.4153452685	0.4146419437	0.4158567775	0.4181372549	0.4228900256	0.4229539642	0.4255754476	0.412745098	0.420630861	0.4235507246	0.426683717	0.4261082694	0.4226982097	0.4261935209	0.427173913	0.4270460358	0.4302216539	0.4222719523	0.4291346974	0.4238917306	0.4239556692	0.4270673487	0.4267902813	0.4209292413	0.4242327366	0.4224424552	0.4259590793	0.4232949702	0.4259803922	0.4141730605	0.425170503	0.4263213981	0.4206095482	0.4168584825	0.4194373402	0.4129369139	0.4094629156	0.4173273657	0.4147058824	0.4105072464	0.4143861893	0.4160059676	0.4144927536	0.4098678602	0.4094202899	0.4132352941	0.4102941176	0.4025362319	0.4080349531	0.4003623188	0.4077791986	0.4056692242	0.4078005115	0.4018542199	0.3984441603	0.401172208	0.3986786019	0.4014919011	0.3977195226	0.3980179028	0.3966538789	0.3972506394	0.3973358909	0.3956521739	0.3913256607	0.3921994885	0.3932225064	0.3873614663	0.3839727195	0.3893435635	0.3901108269	0.3871270247
0	40	0.0008951407	0.0009377664	0.0002770673	0.0003836317	0.0001491901	-0.000341006	0.0006180733	-0.000170503	-0.0004475703	-0.000170503	0.0001918159	-0.0002557545	-0.000341006	-0.0008525149	-0.0003196931	-0.0005967604	-0.0008738278	-0.0010230179	0.0001278772	0.0001918159	0.000341006	0.0005541347	0.0009164535	0.0014066496	0.001342711	0.0016624041	0.0032395567	0.0031756181	0.0035592498	0.0050937766	0.005370844	0.0077365729	0.0089727195	0.0105924979	0.0121909633	0.01342711	0.0168797954	0.0195439045	0.0224211424	0.0268329071	0.0307331628	0.0349317988	0.0362958227	0.04428815	0.0473785166	0.0551150895	0.0620630861	0.066943734	0.0764919011	0.0809249787	0.0898976982	0.1000213129	0.1083759591	0.1145353794	0.122655584	0.1297740835	0.1435848252	0.1505754476	0.1646632566	0.1699062234	0.1792625746	0.1888533674	0.200831202	0.20771526	0.2179667519	0.2286018755	0.2361679454	0.2430733163	0.2554134697	0.2653239557	0.2712915601	0.2829497016	0.2916453538	0.2957374254	0.3111253197	0.3174339301	0.3232310315	0.3280690537	0.3328644501	0.345801364	0.3504049446	0.3570758738	0.3696504689	0.3646632566	0.3746376812	0.3792199488	0.3867647059	0.3869565217	0.3939897698	0.3970801364	0.4024296675	0.4079710145	0.4095907928	0.4258098892	0.419458653	0.4177109974	0.4267902813	0.4244032396	0.4386402387	0.4326939471	0.4308184143	0.4362105712	0.4417945439	0.442455243	0.447655584	0.44428815	0.4467604433	0.4430093777	0.4507246377	0.4523017903	0.4482097187	0.4522378517	0.4539428815	0.4543478261	0.4525575448	0.4635549872	0.4516197783	0.4573316283	0.4557757886	0.4556479113	0.4575021313	0.4545396419	0.4533674339	0.4510869565	0.456202046	0.4525362319	0.4599957374	0.4502983802	0.4550937766	0.4520247229	0.4559036658	0.4510869565	0.448998295	0.4515984655	0.4481457801	0.449488491	0.4499573743	0.4437553282	0.4387254902	0.4433930094	0.4481884058	0.4423486786	0.4426896846	0.4433503836	0.4298167093	0.4353580563	0.4328005115	0.4378516624	0.4326300085	0.4352941176	0.436913896	0.4320758738	0.426683717	0.430200341	0.4278132992	0.4224424552	0.4235720375	0.4247229327	0.4205669224	0.4235080989	0.420630861	0.4208439898	0.4183503836	0.4073316283	0.4158141517	0.4076300085	0.4075660699	0.4048167093	0.4125959079	0.4074595055	0.4025575448	0.4013640239	0.4006393862	0.394970162	0.3971867008	0.4023657289	0.397655584	0.3955456095	0.3942028986	0.3889599318	0.3909633419
